epoch,accuracy,auc_pr,auc_roc,learning_rate,loss,precision,recall,val_accuracy,val_auc_pr,val_auc_roc,val_loss,val_precision,val_recall
0,0.3290155529975891,0.2915160059928894,0.5066931247711182,9.999999747378752e-05,0.9288191795349121,0.2906503975391388,0.9131545424461365,0.29015544056892395,0.18111377954483032,0.1373247504234314,1.4885938167572021,0.29015544056892395,1.0
1,0.2931162118911743,0.29421716928482056,0.5088627934455872,9.999999747378752e-05,0.7639575004577637,0.2907538115978241,1.0,0.29015544056892395,0.19822368025779724,0.23041942715644836,1.495859146118164,0.29015544056892395,1.0
2,0.29089564085006714,0.29018110036849976,0.4943254292011261,9.999999747378752e-05,0.6808016896247864,0.29010745882987976,1.0,0.29015544056892395,0.18457552790641785,0.15807844698429108,1.4463335275650024,0.29015544056892395,1.0
3,0.29052552580833435,0.298671156167984,0.5145313739776611,9.999999747378752e-05,0.6241030693054199,0.28999999165534973,1.0,0.29015544056892395,0.18507826328277588,0.1540450155735016,1.2196481227874756,0.29015544056892395,1.0
