epoch,accuracy,auc_pr,auc_roc,learning_rate,loss,precision,recall,val_accuracy,val_auc_pr,val_auc_roc,val_loss,val_precision,val_recall
0,0.33567726612091064,0.29367509484291077,0.5068202614784241,9.999999747378752e-05,0.5519577264785767,0.289166659116745,0.8863345980644226,0.29015544056892395,0.17774620652198792,0.15796983242034912,3.616612434387207,0.29015544056892395,1.0
1,0.28978535532951355,0.2952973246574402,0.5036404132843018,9.999999747378752e-05,0.5092254281044006,0.28978535532951355,1.0,0.29015544056892395,0.18189109861850739,0.1740456074476242,4.157715320587158,0.29015544056892395,1.0
2,0.28978535532951355,0.2920037508010864,0.5004122257232666,9.999999747378752e-05,0.5078475475311279,0.28978535532951355,1.0,0.29015544056892395,0.18547256290912628,0.1883399933576584,4.62122917175293,0.29015544056892395,1.0
3,0.28978535532951355,0.3078896999359131,0.5070668458938599,4.999999873689376e-05,0.5063884854316711,0.28978535532951355,1.0,0.29015544056892395,0.18503525853157043,0.18640653789043427,4.819659233093262,0.29015544056892395,1.0
